Company_Name,Website,Email,Industry,Location
Insight Media,https://www.insightmedia.io,contact@insightmedia.io,Finance,"San Francisco, USA"
Apex Group,https://www.apexgroup.com,contact@apexgroup.com,Finance,"Tokyo, Japan"
Nexa Advisors,https://www.nexaadvisors.net,contact@nexaadvisors.net,Marketing,"Dubai, UAE"
Insight Capital,https://www.insightcapital.co,contact@insightcapital.co,Education,"New York, USA"
Apex Dynamics,https://www.apexdynamics.com,contact@apexdynamics.com,Education,"New York, USA"
Prime Systems,https://www.primesystems.io,contact@primesystems.io,Technology,"Paris, France"
Beacon Capital,https://www.beaconcapital.io,contact@beaconcapital.io,Marketing,"San Francisco, USA"
Vertex Health,https://www.vertexhealth.co,contact@vertexhealth.co,Healthcare,"London, UK"
Nexa Dynamics,https://www.nexadynamics.com,contact@nexadynamics.com,Education,Singapore
Quantum Analytics,https://www.quantumanalytics.net,contact@quantumanalytics.net,Healthcare,"Paris, France"
Summit Advisors,https://www.summitadvisors.co,contact@summitadvisors.co,Finance,"Paris, France"
Nova Solutions,https://www.novasolutions.io,contact@novasolutions.io,Education,"New York, USA"
Cobalt Labs,https://www.cobaltlabs.io,contact@cobaltlabs.io,Healthcare,Singapore
Beacon Labs,https://www.beaconlabs.net,contact@beaconlabs.net,Healthcare,Singapore
Beacon Group,https://www.beacongroup.co,contact@beacongroup.co,Technology,"San Francisco, USA"
Apex Networks,https://www.apexnetworks.com,contact@apexnetworks.com,Finance,"Sydney, Australia"
Bright Analytics,https://www.brightanalytics.net,contact@brightanalytics.net,Marketing,"Bangalore, India"
Bright Advisors,https://www.brightadvisors.io,contact@brightadvisors.io,Technology,"Toronto, Canada"
Pioneer Group,https://www.pioneergroup.net,contact@pioneergroup.net,Finance,"New York, USA"
Pioneer Labs,https://www.pioneerlabs.co,contact@pioneerlabs.co,Finance,"São Paulo, Brazil"
Nexa Systems,https://www.nexasystems.io,contact@nexasystems.io,Education,"Paris, France"
Beacon Health,https://www.beaconhealth.net,contact@beaconhealth.net,Education,"Toronto, Canada"
Vertex Health,https://www.vertexhealth.com,contact@vertexhealth.com,Marketing,Singapore
Bright Media,https://www.brightmedia.io,contact@brightmedia.io,Technology,"Sydney, Australia"
Quantum Systems,https://www.quantumsystems.net,contact@quantumsystems.net,Finance,"Toronto, Canada"
Apex Analytics,https://www.apexanalytics.co,contact@apexanalytics.co,Marketing,"San Francisco, USA"
Nexa Solutions,https://www.nexasolutions.net,contact@nexasolutions.net,Finance,Singapore
Quantum Analytics,https://www.quantumanalytics.co,contact@quantumanalytics.co,Technology,"Paris, France"
Beacon Advisors,https://www.beaconadvisors.co,contact@beaconadvisors.co,Education,"Dubai, UAE"
Summit Dynamics,https://www.summitdynamics.net,contact@summitdynamics.net,Marketing,"Tokyo, Japan"
Cobalt Networks,https://www.cobaltnetworks.co,contact@cobaltnetworks.co,Healthcare,"New York, USA"
Ever Learning,https://www.everlearning.io,contact@everlearning.io,Marketing,"Paris, France"
Fusion Networks,https://www.fusionnetworks.com,contact@fusionnetworks.com,Education,"Tokyo, Japan"
Ever Group,https://www.evergroup.co,contact@evergroup.co,Technology,"São Paulo, Brazil"
Vertex Labs,https://www.vertexlabs.io,contact@vertexlabs.io,Education,"Bangalore, India"
Pioneer Dynamics,https://www.pioneerdynamics.co,contact@pioneerdynamics.co,Education,"Tokyo, Japan"
Vertex Analytics,https://www.vertexanalytics.io,contact@vertexanalytics.io,Education,"Tokyo, Japan"
Vertex Capital,https://www.vertexcapital.net,contact@vertexcapital.net,Technology,"Tokyo, Japan"
Pioneer Capital,https://www.pioneercapital.net,contact@pioneercapital.net,Healthcare,"São Paulo, Brazil"
Nova Capital,https://www.novacapital.net,contact@novacapital.net,Finance,"New York, USA"
Nova Health,https://www.novahealth.co,contact@novahealth.co,Technology,"New York, USA"
Summit Networks,https://www.summitnetworks.com,contact@summitnetworks.com,Technology,"Berlin, Germany"
Nimbus Group,https://www.nimbusgroup.com,contact@nimbusgroup.com,Education,"San Francisco, USA"
Beacon Solutions,https://www.beaconsolutions.net,contact@beaconsolutions.net,Technology,"Sydney, Australia"
Quantum Dynamics,https://www.quantumdynamics.io,contact@quantumdynamics.io,Healthcare,"Toronto, Canada"
Insight Health,https://www.insighthealth.net,contact@insighthealth.net,Technology,"Paris, France"
Nexa Capital,https://www.nexacapital.io,contact@nexacapital.io,Finance,"London, UK"
Ever Dynamics,https://www.everdynamics.io,contact@everdynamics.io,Technology,"San Francisco, USA"
Apex Learning,https://www.apexlearning.net,contact@apexlearning.net,Education,"Berlin, Germany"
Insight Systems,https://www.insightsystems.io,contact@insightsystems.io,Healthcare,"Toronto, Canada"
Pioneer Advisors,https://www.pioneeradvisors.io,contact@pioneeradvisors.io,Technology,"San Francisco, USA"
Fusion Analytics,https://www.fusionanalytics.net,contact@fusionanalytics.net,Education,"San Francisco, USA"
Summit Systems,https://www.summitsystems.com,contact@summitsystems.com,Technology,"São Paulo, Brazil"
Nova Learning,https://www.novalearning.com,contact@novalearning.com,Marketing,"New York, USA"
Nova Health,https://www.novahealth.net,contact@novahealth.net,Marketing,"Bangalore, India"
Summit Labs,https://www.summitlabs.io,contact@summitlabs.io,Education,"Sydney, Australia"
Summit Group,https://www.summitgroup.co,contact@summitgroup.co,Education,"São Paulo, Brazil"
Fusion Analytics,https://www.fusionanalytics.co,contact@fusionanalytics.co,Marketing,"Sydney, Australia"
Beacon Dynamics,https://www.beacondynamics.io,contact@beacondynamics.io,Healthcare,"Sydney, Australia"
Apex Labs,https://www.apexlabs.io,contact@apexlabs.io,Healthcare,"Bangalore, India"
Bright Labs,https://www.brightlabs.co,contact@brightlabs.co,Healthcare,"Bangalore, India"
Nimbus Group,https://www.nimbusgroup.net,contact@nimbusgroup.net,Healthcare,Singapore
Apex Health,https://www.apexhealth.io,contact@apexhealth.io,Education,"Tokyo, Japan"
Summit Systems,https://www.summitsystems.co,contact@summitsystems.co,Marketing,"Tokyo, Japan"
Quantum Capital,https://www.quantumcapital.io,contact@quantumcapital.io,Healthcare,"Dubai, UAE"
Apex Systems,https://www.apexsystems.co,contact@apexsystems.co,Technology,"Tokyo, Japan"
Insight Media,https://www.insightmedia.com,contact@insightmedia.com,Education,"New York, USA"
Insight Systems,https://www.insightsystems.com,contact@insightsystems.com,Finance,"Berlin, Germany"
Nexa Networks,https://www.nexanetworks.com,contact@nexanetworks.com,Technology,"Dubai, UAE"
Fusion Networks,https://www.fusionnetworks.io,contact@fusionnetworks.io,Healthcare,"Dubai, UAE"
Insight Media,https://www.insightmedia.co,contact@insightmedia.co,Technology,"Dubai, UAE"
Beacon Systems,https://www.beaconsystems.com,contact@beaconsystems.com,Healthcare,"Dubai, UAE"
Cobalt Networks,https://www.cobaltnetworks.io,contact@cobaltnetworks.io,Healthcare,"Dubai, UAE"
Ever Media,https://www.evermedia.co,contact@evermedia.co,Healthcare,"Tokyo, Japan"
Ever Analytics,https://www.everanalytics.co,contact@everanalytics.co,Finance,"Sydney, Australia"
Nimbus Capital,https://www.nimbuscapital.net,contact@nimbuscapital.net,Healthcare,"London, UK"
Fusion Group,https://www.fusiongroup.net,contact@fusiongroup.net,Finance,"Dubai, UAE"
Nimbus Media,https://www.nimbusmedia.net,contact@nimbusmedia.net,Technology,"São Paulo, Brazil"
Nova Advisors,https://www.novaadvisors.net,contact@novaadvisors.net,Finance,Singapore
Summit Media,https://www.summitmedia.io,contact@summitmedia.io,Healthcare,"São Paulo, Brazil"
Insight Systems,https://www.insightsystems.net,contact@insightsystems.net,Education,"Paris, France"
Nexa Media,https://www.nexamedia.co,contact@nexamedia.co,Healthcare,"New York, USA"
Nexa Group,https://www.nexagroup.net,contact@nexagroup.net,Healthcare,Singapore
Cobalt Media,https://www.cobaltmedia.io,contact@cobaltmedia.io,Marketing,"New York, USA"
Beacon Capital,https://www.beaconcapital.com,contact@beaconcapital.com,Education,"San Francisco, USA"
Insight Solutions,https://www.insightsolutions.com,contact@insightsolutions.com,Technology,"Berlin, Germany"
Pioneer Analytics,https://www.pioneeranalytics.io,contact@pioneeranalytics.io,Technology,"New York, USA"
Pioneer Labs,https://www.pioneerlabs.io,contact@pioneerlabs.io,Education,"Tokyo, Japan"
Nimbus Labs,https://www.nimbuslabs.net,contact@nimbuslabs.net,Healthcare,"San Francisco, USA"
Nova Labs,https://www.novalabs.co,contact@novalabs.co,Education,"Sydney, Australia"
Fusion Dynamics,https://www.fusiondynamics.com,contact@fusiondynamics.com,Technology,"Bangalore, India"
Pioneer Systems,https://www.pioneersystems.io,contact@pioneersystems.io,Education,"Bangalore, India"
Apex Media,https://www.apexmedia.co,contact@apexmedia.co,Healthcare,"London, UK"
Nimbus Health,https://www.nimbushealth.net,contact@nimbushealth.net,Education,"Dubai, UAE"
Cobalt Systems,https://www.cobaltsystems.co,contact@cobaltsystems.co,Technology,"Paris, France"
Insight Analytics,https://www.insightanalytics.com,contact@insightanalytics.com,Technology,"Berlin, Germany"
Quantum Health,https://www.quantumhealth.net,contact@quantumhealth.net,Technology,"Paris, France"
Nova Group,https://www.novagroup.io,contact@novagroup.io,Technology,"Tokyo, Japan"
Insight Health,https://www.insighthealth.co,contact@insighthealth.co,Education,"London, UK"
Summit Systems,https://www.summitsystems.net,contact@summitsystems.net,Finance,"San Francisco, USA"
Beacon Solutions,https://www.beaconsolutions.co,contact@beaconsolutions.co,Education,"São Paulo, Brazil"
Nexa Labs,https://www.nexalabs.io,contact@nexalabs.io,Finance,"San Francisco, USA"
Summit Networks,https://www.summitnetworks.io,contact@summitnetworks.io,Healthcare,"London, UK"
Apex Dynamics,https://www.apexdynamics.io,contact@apexdynamics.io,Education,"Berlin, Germany"
Nexa Capital,https://www.nexacapital.co,contact@nexacapital.co,Healthcare,"New York, USA"
Pioneer Group,https://www.pioneergroup.com,contact@pioneergroup.com,Education,"New York, USA"
Nimbus Labs,https://www.nimbuslabs.com,contact@nimbuslabs.com,Healthcare,"Dubai, UAE"
Insight Solutions,https://www.insightsolutions.co,contact@insightsolutions.co,Education,"São Paulo, Brazil"
Prime Health,https://www.primehealth.co,contact@primehealth.co,Technology,"Paris, France"
Summit Media,https://www.summitmedia.net,contact@summitmedia.net,Healthcare,Singapore
Nexa Networks,https://www.nexanetworks.net,contact@nexanetworks.net,Technology,"São Paulo, Brazil"
Apex Systems,https://www.apexsystems.com,contact@apexsystems.com,Technology,"Sydney, Australia"
Pioneer Health,https://www.pioneerhealth.io,contact@pioneerhealth.io,Healthcare,"Toronto, Canada"
Nimbus Solutions,https://www.nimbussolutions.com,contact@nimbussolutions.com,Technology,"Sydney, Australia"
Bright Media,https://www.brightmedia.co,contact@brightmedia.co,Technology,Singapore
Vertex Dynamics,https://www.vertexdynamics.net,contact@vertexdynamics.net,Healthcare,"Bangalore, India"
Ever Capital,https://www.evercapital.net,contact@evercapital.net,Technology,"San Francisco, USA"
Vertex Media,https://www.vertexmedia.com,contact@vertexmedia.com,Education,"São Paulo, Brazil"
Fusion Media,https://www.fusionmedia.net,contact@fusionmedia.net,Technology,"Sydney, Australia"
Quantum Health,https://www.quantumhealth.com,contact@quantumhealth.com,Education,"Dubai, UAE"
