Customer_ID,Full_Name,Email,Phone,City,Country
C001,Owen Davis,owen.davis@hotmail.com,+1 381 350 4657,Los Angeles,USA
C002,Henry Mitchell,henry.mitchell@hotmail.com,+49 858 658 2424,Berlin,Germany
C003,Mateo Ramirez,mateo.ramirez@gmail.com,+1 195 323 4811,Toronto,Canada
C004,Lily Hill,lily.hill@icloud.com,+1 303 833 9928,Los Angeles,USA
C005,Camila Anderson,camila.anderson@icloud.com,+91 384 928 1106,Delhi,India
C006,Matthew Hernandez,matthew.hernandez@protonmail.com,+51 448 384 3547,Lima,Peru
C007,Sophia Carter,sophia.carter@gmail.com,+81 194 489 2584,Osaka,Japan
C008,Mila Thompson,mila.thompson@yahoo.com,+55 926 144 8527,Sao Paulo,Brazil
C009,Chloe Davis,chloe.davis@gmail.com,+61 665 400 6925,Sydney,Australia
C010,Leo Gonzalez,leo.gonzalez@gmail.com,+44 777 333 5741,Manchester,UK
C011,William Anderson,william.anderson@protonmail.com,+49 384 564 6977,Berlin,Germany
C012,Emma White,emma.white@outlook.com,+82 786 373 2169,Seoul,South Korea
C013,Sebastian Green,sebastian.green@icloud.com,+46 846 350 3677,Stockholm,Sweden
C014,Victoria Harris,victoria.harris@hotmail.com,+43 804 670 4598,Vienna,Austria
C015,Samuel Lee,samuel.lee@outlook.com,+44 941 132 6168,London,UK
C016,Sofia Moore,sofia.moore@outlook.com,+44 680 997 6155,Manchester,UK
C017,Sophia Adams,sophia.adams@protonmail.com,+966 758 569 3340,Riyadh,Saudi Arabia
C018,Amelia Rodriguez,amelia.rodriguez@hotmail.com,+48 674 651 5304,Warsaw,Poland
C019,Wyatt Nguyen,wyatt.nguyen@icloud.com,+91 508 470 4593,Mumbai,India
C020,Henry Allen,henry.allen@gmail.com,+966 873 148 2796,Riyadh,Saudi Arabia
C021,Alexander Green,alexander.green@hotmail.com,+46 532 710 2040,Stockholm,Sweden
C022,Nora Harris,nora.harris@protonmail.com,+55 641 357 1188,Sao Paulo,Brazil
C023,Samuel Campbell,samuel.campbell@hotmail.com,+34 649 868 5371,Madrid,Spain
C024,Luke Adams,luke.adams@gmail.com,+81 400 545 3591,Osaka,Japan
C025,Victoria Smith,victoria.smith@icloud.com,+420 880 282 9317,Prague,Czech Republic
C026,Benjamin Green,benjamin.green@hotmail.com,+32 619 723 4258,Brussels,Belgium
C027,Alexander White,alexander.white@icloud.com,+46 897 643 1009,Stockholm,Sweden
C028,Sebastian Lee,sebastian.lee@gmail.com,+966 214 471 6038,Riyadh,Saudi Arabia
C029,Mia Brown,mia.brown@icloud.com,+48 180 187 8962,Warsaw,Poland
C030,James Carter,james.carter@outlook.com,+27 231 775 8787,Johannesburg,South Africa
C031,Stella Hernandez,stella.hernandez@icloud.com,+420 993 721 7932,Prague,Czech Republic
C032,Sophia Wright,sophia.wright@outlook.com,+51 830 419 7537,Lima,Peru
C033,Aiden Adams,aiden.adams@protonmail.com,+65 629 562 2982,Singapore,Singapore
C034,Mia Anderson,mia.anderson@yahoo.com,+44 121 702 4770,Manchester,UK
C035,Mateo Anderson,mateo.anderson@gmail.com,+1 824 746 1964,New York,USA
C036,Isabella Jones,isabella.jones@yahoo.com,+1 172 626 4899,Toronto,Canada
C037,Harper Nelson,harper.nelson@outlook.com,+966 652 235 8744,Riyadh,Saudi Arabia
C038,Mia Walker,mia.walker@outlook.com,+64 196 199 8062,Auckland,New Zealand
C039,Mila Ramirez,mila.ramirez@protonmail.com,+64 984 846 1887,Auckland,New Zealand
C040,Samuel Adams,samuel.adams@gmail.com,+56 162 512 6559,Santiago,Chile
C041,Benjamin Thomas,benjamin.thomas@outlook.com,+45 649 559 3296,Copenhagen,Denmark
C042,Layla Lopez,layla.lopez@protonmail.com,+43 355 995 2235,Vienna,Austria
C043,Scarlett Scott,scarlett.scott@gmail.com,+49 767 653 1241,Berlin,Germany
C044,William Carter,william.carter@outlook.com,+48 516 597 8886,Warsaw,Poland
C045,Sophia Sanchez,sophia.sanchez@outlook.com,+44 488 102 7396,London,UK
C046,Amelia Robinson,amelia.robinson@protonmail.com,+41 813 848 8973,Zurich,Switzerland
C047,Alexander Gonzalez,alexander.gonzalez@outlook.com,+41 159 693 9883,Zurich,Switzerland
C048,Elijah Mitchell,elijah.mitchell@gmail.com,+81 151 698 8811,Tokyo,Japan
C049,Lily King,lily.king@gmail.com,+46 620 182 4044,Stockholm,Sweden
C050,James Hill,james.hill@hotmail.com,+44 982 340 7615,Manchester,UK
C051,Lucas Torres,lucas.torres@icloud.com,+48 708 140 2343,Warsaw,Poland
C052,Camila Nelson,camila.nelson@icloud.com,+20 635 423 5272,Cairo,Egypt
C053,Sophia Nelson,sophia.nelson@outlook.com,+81 371 505 3144,Tokyo,Japan
C054,Aiden Adams,aiden.adams2@yahoo.com,+32 869 174 1152,Brussels,Belgium
C055,Victoria Flores,victoria.flores@gmail.com,+234 175 650 4492,Lagos,Nigeria
C056,Lily Taylor,lily.taylor@yahoo.com,+39 170 350 7054,Rome,Italy
C057,Evelyn Hernandez,evelyn.hernandez@icloud.com,+91 820 409 9666,Delhi,India
C058,Liam Nelson,liam.nelson@yahoo.com,+254 779 206 3200,Nairobi,Kenya
C059,Amelia Davis,amelia.davis@hotmail.com,+49 666 259 5462,Berlin,Germany
C060,Evelyn Hill,evelyn.hill@hotmail.com,+353 451 308 5325,Dublin,Ireland
C061,Lily Young,lily.young@gmail.com,+420 194 749 7939,Prague,Czech Republic
C062,Harper Williams,harper.williams@yahoo.com,+1 889 233 5291,New York,USA
C063,Emma Mitchell,emma.mitchell@icloud.com,+91 822 537 1158,Delhi,India
C064,Lucas Jones,lucas.jones@outlook.com,+51 658 136 7049,Lima,Peru
C065,Mateo Scott,mateo.scott@protonmail.com,+31 230 142 6050,Amsterdam,Netherlands
C066,Ella Williams,ella.williams@outlook.com,+82 798 355 2684,Seoul,South Korea
C067,Mila Roberts,mila.roberts@protonmail.com,+254 735 867 3532,Nairobi,Kenya
C068,Mia Hernandez,mia.hernandez@protonmail.com,+47 125 283 6442,Oslo,Norway
C069,Camila Nelson,camila.nelson@yahoo.com,+48 263 906 2771,Warsaw,Poland
C070,Nora Williams,nora.williams@outlook.com,+971 304 936 8541,Dubai,UAE
C071,Mila Martin,mila.martin@outlook.com,+351 124 775 4164,Lisbon,Portugal
C072,Sofia Perez,sofia.perez@gmail.com,+43 891 385 6753,Vienna,Austria
C073,Theodore Allen,theodore.allen@hotmail.com,+61 963 649 6425,Melbourne,Australia
C074,Noah Davis,noah.davis@outlook.com,+420 694 371 1626,Prague,Czech Republic
C075,Benjamin Hill,benjamin.hill@yahoo.com,+91 846 905 6139,Mumbai,India
C076,Layla Hill,layla.hill@gmail.com,+974 494 690 4114,Doha,Qatar
C077,Amelia Williams,amelia.williams@gmail.com,+91 632 925 9821,Mumbai,India
C078,Samuel Campbell,samuel.campbell@outlook.com,+52 472 541 2146,Mexico City,Mexico
C079,Aiden Perez,aiden.perez@yahoo.com,+55 779 968 3041,Rio de Janeiro,Brazil
C080,David Martin,david.martin@yahoo.com,+974 782 518 6344,Doha,Qatar
C081,Sofia Hall,sofia.hall@icloud.com,+41 230 296 7888,Zurich,Switzerland
C082,Aiden Harris,aiden.harris@hotmail.com,+57 278 730 5930,Bogota,Colombia
C083,Sofia Scott,sofia.scott@yahoo.com,+1 393 315 8043,New York,USA
C084,Mateo Hill,mateo.hill@yahoo.com,+56 576 552 8244,Santiago,Chile
C085,Samuel Wilson,samuel.wilson@protonmail.com,+974 912 915 3780,Doha,Qatar
C086,Aiden Garcia,aiden.garcia@icloud.com,+41 779 748 6491,Zurich,Switzerland
C087,William Carter,william.carter@hotmail.com,+48 417 330 4262,Warsaw,Poland
C088,Alexander Johnson,alexander.johnson@outlook.com,+1 586 725 2193,Toronto,Canada
C089,Victoria Clark,victoria.clark@icloud.com,+54 299 835 7291,Buenos Aires,Argentina
C090,Hannah Sanchez,hannah.sanchez@outlook.com,+48 771 804 1090,Warsaw,Poland
C091,Matthew Roberts,matthew.roberts@protonmail.com,+49 324 280 9486,Berlin,Germany
C092,Victoria Brown,victoria.brown@outlook.com,+254 968 224 8478,Nairobi,Kenya
C093,Henry Robinson,henry.robinson@icloud.com,+52 672 709 6198,Mexico City,Mexico
C094,Matthew Lewis,matthew.lewis@hotmail.com,+55 616 536 9976,Rio de Janeiro,Brazil
C095,Scarlett Hernandez,scarlett.hernandez@protonmail.com,+971 365 869 5050,Dubai,UAE
C096,Owen Moore,owen.moore@protonmail.com,+27 741 344 5499,Cape Town,South Africa
C097,Scarlett Jones,scarlett.jones@outlook.com,+41 378 443 6238,Zurich,Switzerland
C098,Chloe Garcia,chloe.garcia@outlook.com,+39 336 492 3503,Rome,Italy
C099,John Wilson,john.wilson@protonmail.com,+44 517 438 9890,Manchester,UK
C100,Victoria Clark,victoria.clark@outlook.com,+44 952 530 7381,London,UK
C101,Luke Nguyen,luke.nguyen@gmail.com,+51 977 883 7232,Lima,Peru
C102,Zoey Smith,zoey.smith@yahoo.com,+82 871 499 7865,Seoul,South Korea
C103,Chloe Mitchell,chloe.mitchell@icloud.com,+27 325 599 4595,Johannesburg,South Africa
C104,Harper Ramirez,harper.ramirez@gmail.com,+966 498 444 7624,Riyadh,Saudi Arabia
C105,David Hernandez,david.hernandez@outlook.com,+91 737 646 1441,Bengaluru,India
C106,Sofia Nguyen,sofia.nguyen@hotmail.com,+234 127 185 8022,Lagos,Nigeria
C107,Henry Robinson,henry.robinson@gmail.com,+47 366 488 6363,Oslo,Norway
C108,Sophia Robinson,sophia.robinson@yahoo.com,+81 879 488 5558,Tokyo,Japan
C109,Matthew Clark,matthew.clark@gmail.com,+420 581 119 9837,Prague,Czech Republic
C110,Elijah Thompson,elijah.thompson@hotmail.com,+351 170 899 1659,Lisbon,Portugal
C111,Matthew Johnson,matthew.johnson@outlook.com,+48 959 120 3496,Warsaw,Poland
C112,Mia Rodriguez,mia.rodriguez@hotmail.com,+971 217 677 4571,Dubai,UAE
C113,Victoria Hall,victoria.hall@yahoo.com,+420 271 720 2876,Prague,Czech Republic
C114,Luke Hernandez,luke.hernandez@gmail.com,+32 692 126 6111,Brussels,Belgium
C115,Leo Baker,leo.baker@protonmail.com,+61 832 303 2245,Sydney,Australia
C116,Mateo Hall,mateo.hall@outlook.com,+54 204 813 5941,Buenos Aires,Argentina
C117,Samuel Hill,samuel.hill@icloud.com,+34 901 142 6688,Madrid,Spain
C118,Chloe Ramirez,chloe.ramirez@yahoo.com,+52 170 618 6590,Mexico City,Mexico
C119,Liam Clark,liam.clark@gmail.com,+966 543 470 8532,Riyadh,Saudi Arabia
C120,John Martinez,john.martinez@outlook.com,+91 851 634 5425,Mumbai,India
C121,Jack Wright,jack.wright@protonmail.com,+971 546 945 5397,Dubai,UAE
C122,Aria Thomas,aria.thomas@yahoo.com,+33 561 349 8613,Paris,France
C123,Leo Flores,leo.flores@protonmail.com,+52 444 129 9098,Mexico City,Mexico
C124,Aria Lopez,aria.lopez@outlook.com,+966 463 916 5232,Riyadh,Saudi Arabia
C125,Charlotte Moore,charlotte.moore@hotmail.com,+55 382 669 1166,Sao Paulo,Brazil
C126,Grace Gonzalez,grace.gonzalez@outlook.com,+33 837 516 9004,Paris,France
C127,Stella Carter,stella.carter@hotmail.com,+48 587 761 9041,Warsaw,Poland
C128,Scarlett Johnson,scarlett.johnson@yahoo.com,+33 326 514 4986,Paris,France
C129,Abigail Nelson,abigail.nelson@yahoo.com,+20 584 666 9698,Cairo,Egypt
C130,Mila Ramirez,mila.ramirez@yahoo.com,+254 460 819 8434,Nairobi,Kenya
C131,Harper Martin,harper.martin@outlook.com,+420 223 838 4155,Prague,Czech Republic
C132,Aria Davis,aria.davis@hotmail.com,+27 289 296 4545,Johannesburg,South Africa
C133,Wyatt Walker,wyatt.walker@hotmail.com,+43 703 878 9595,Vienna,Austria
C134,Sebastian Jackson,sebastian.jackson@outlook.com,+49 403 332 6912,Berlin,Germany
C135,Olivia Martin,olivia.martin@hotmail.com,+1 646 229 5494,New York,USA
C136,Oliver Brown,oliver.brown@yahoo.com,+254 814 229 9042,Nairobi,Kenya
C137,Benjamin Smith,benjamin.smith@yahoo.com,+234 580 590 8216,Lagos,Nigeria
C138,Charlotte Lopez,charlotte.lopez@yahoo.com,+44 982 589 2869,London,UK
C139,James Sanchez,james.sanchez@gmail.com,+966 690 744 1878,Riyadh,Saudi Arabia
C140,Alexander Martinez,alexander.martinez@yahoo.com,+234 187 354 2940,Lagos,Nigeria
C141,Stella Carter,stella.carter@icloud.com,+64 710 909 4697,Auckland,New Zealand
C142,Luke King,luke.king@protonmail.com,+61 553 404 8025,Sydney,Australia
C143,Abigail Torres,abigail.torres@gmail.com,+55 724 857 2625,Rio de Janeiro,Brazil
C144,Matthew Wilson,matthew.wilson@outlook.com,+54 370 776 2330,Buenos Aires,Argentina
C145,Emma Thomas,emma.thomas@icloud.com,+47 176 260 1043,Oslo,Norway
C146,Camila Lewis,camila.lewis@icloud.com,+51 581 398 1534,Lima,Peru
C147,Isabella Jackson,isabella.jackson@hotmail.com,+41 980 564 2166,Zurich,Switzerland
C148,Samuel Anderson,samuel.anderson@hotmail.com,+420 703 777 4241,Prague,Czech Republic
C149,Layla Davis,layla.davis@outlook.com,+27 763 252 5352,Johannesburg,South Africa
C150,Alexander Jones,alexander.jones@outlook.com,+44 911 414 5728,London,UK
C151,Scarlett Davis,scarlett.davis@hotmail.com,+91 411 816 7594,Bengaluru,India
C152,Harper Allen,harper.allen@protonmail.com,+27 548 182 1653,Johannesburg,South Africa
C153,Layla Mitchell,layla.mitchell@icloud.com,+81 356 126 2496,Tokyo,Japan
C154,Isabella Baker,isabella.baker@icloud.com,+234 121 883 5415,Lagos,Nigeria
C155,Leo Williams,leo.williams@protonmail.com,+47 631 767 8245,Oslo,Norway
C156,Harper Lopez,harper.lopez@protonmail.com,+20 750 933 9056,Cairo,Egypt
C157,William Walker,william.walker@protonmail.com,+82 441 428 2713,Seoul,South Korea
C158,Emma Perez,emma.perez@hotmail.com,+64 607 395 7561,Auckland,New Zealand
C159,Matthew Scott,matthew.scott@protonmail.com,+1 190 422 5135,Toronto,Canada
C160,Aria Davis,aria.davis@icloud.com,+61 944 101 9889,Melbourne,Australia
C161,Victoria Clark,victoria.clark2@icloud.com,+44 470 737 9167,London,UK
C162,Owen Lewis,owen.lewis@outlook.com,+44 373 662 3146,London,UK
C163,Evelyn Lewis,evelyn.lewis@protonmail.com,+51 224 129 4920,Lima,Peru
C164,John Hernandez,john.hernandez@icloud.com,+32 114 665 7684,Brussels,Belgium
C165,William Anderson,william.anderson2@gmail.com,+34 763 952 3522,Madrid,Spain
C166,Hannah Rivera,hannah.rivera@icloud.com,+41 822 379 7807,Zurich,Switzerland
C167,Zoey Walker,zoey.walker@protonmail.com,+48 664 248 7284,Warsaw,Poland
C168,Ava Hill,ava.hill@hotmail.com,+974 239 984 2143,Doha,Qatar
C169,Harper Roberts,harper.roberts@yahoo.com,+64 906 619 5377,Auckland,New Zealand
C170,Liam Jackson,liam.jackson@icloud.com,+32 693 775 9022,Brussels,Belgium
C171,Alexander Lewis,alexander.lewis@protonmail.com,+27 453 440 9903,Johannesburg,South Africa
C172,Nora Robinson,nora.robinson@outlook.com,+81 814 344 7274,Tokyo,Japan
C173,Isabella Roberts,isabella.roberts@gmail.com,+64 425 862 8749,Auckland,New Zealand
C174,John Harris,john.harris@hotmail.com,+61 911 940 3492,Sydney,Australia
C175,Hannah Williams,hannah.williams@icloud.com,+39 704 439 2644,Rome,Italy
C176,Scarlett Miller,scarlett.miller@protonmail.com,+27 115 839 3361,Cape Town,South Africa
C177,Camila Adams,camila.adams@gmail.com,+31 580 900 5342,Amsterdam,Netherlands
C178,Charlotte Flores,charlotte.flores@protonmail.com,+51 765 182 6383,Lima,Peru
C179,Samuel Wright,samuel.wright@yahoo.com,+61 741 835 8994,Sydney,Australia
C180,Chloe Williams,chloe.williams@gmail.com,+55 340 746 5708,Rio de Janeiro,Brazil
C181,Isabella Mitchell,isabella.mitchell@protonmail.com,+33 200 878 2646,Paris,France
C182,Scarlett Hernandez,scarlett.hernandez@yahoo.com,+51 129 147 6314,Lima,Peru
C183,Elijah Jackson,elijah.jackson@yahoo.com,+82 541 249 5000,Seoul,South Korea
C184,Grace Clark,grace.clark@hotmail.com,+234 911 284 3785,Lagos,Nigeria
C185,Olivia Garcia,olivia.garcia@protonmail.com,+55 734 799 4945,Rio de Janeiro,Brazil
C186,Hannah Nguyen,hannah.nguyen@outlook.com,+31 572 753 5161,Amsterdam,Netherlands
C187,Victoria Taylor,victoria.taylor@gmail.com,+52 923 576 5712,Mexico City,Mexico
C188,Samuel Wright,samuel.wright@gmail.com,+46 552 453 5901,Stockholm,Sweden
C189,Owen Ramirez,owen.ramirez@yahoo.com,+51 567 965 5949,Lima,Peru
C190,Ava Harris,ava.harris@gmail.com,+971 342 490 6881,Dubai,UAE
C191,Leo Jackson,leo.jackson@yahoo.com,+51 122 949 7484,Lima,Peru
C192,Harper Smith,harper.smith@hotmail.com,+234 896 862 1803,Lagos,Nigeria
C193,Sebastian Mitchell,sebastian.mitchell@yahoo.com,+966 894 918 4770,Riyadh,Saudi Arabia
C194,Sebastian Thompson,sebastian.thompson@hotmail.com,+351 294 735 5106,Lisbon,Portugal
C195,Samuel Carter,samuel.carter@hotmail.com,+52 958 240 2591,Mexico City,Mexico
C196,Owen Adams,owen.adams@yahoo.com,+1 907 551 1546,Toronto,Canada
C197,Mateo White,mateo.white@gmail.com,+39 402 434 7807,Rome,Italy
C198,Olivia Gonzalez,olivia.gonzalez@icloud.com,+39 997 474 9697,Rome,Italy
C199,Lily Moore,lily.moore@yahoo.com,+46 944 593 5835,Stockholm,Sweden
C200,Wyatt Perez,wyatt.perez@protonmail.com,+34 177 244 4696,Madrid,Spain
